{"cameraMode":{"drawMode":0,"name":"Shaded","section":"Shading Mode"},"sceneLighting":false,"audioPlay":false,"sceneViewState":{"showFog":true,"showMaterialUpdate":false,"showSkybox":true,"showFlares":true,"showImageEffects":true,"showParticleSystems":true},"in2DMode":false,"pivot":{"x":0.0,"y":18.299999237060548,"z":-7.699999809265137},"rotation":{"x":0.18309736251831056,"y":0.5190917253494263,"z":-0.11482653021812439,"w":0.8271141052246094},"size":5.257884502410889,"orthographic":false}