{"cameraMode":{"drawMode":0,"name":"Shaded","section":"Shading Mode"},"sceneLighting":false,"audioPlay":false,"sceneViewState":{"showFog":true,"showMaterialUpdate":false,"showSkybox":true,"showFlares":true,"showImageEffects":true,"showParticleSystems":true},"in2DMode":false,"pivot":{"x":-1.7034268379211426,"y":1.9115009307861329,"z":-47.88182830810547},"rotation":{"x":0.23260216414928437,"y":0.17776037752628327,"z":-0.04321376606822014,"w":0.9553623199462891},"size":38.545440673828128,"orthographic":false}