{"cameraMode":{"drawMode":0,"name":"Shaded","section":"Shading Mode"},"sceneLighting":false,"audioPlay":false,"sceneViewState":{"showFog":true,"showMaterialUpdate":false,"showSkybox":true,"showFlares":true,"showImageEffects":true,"showParticleSystems":true},"in2DMode":false,"pivot":{"x":1.3799999952316285,"y":9.925000190734864,"z":-8.425000190734864},"rotation":{"x":0.18309736251831056,"y":0.5190917253494263,"z":-0.11482653021812439,"w":0.8271141052246094},"size":45.71073532104492,"orthographic":false}