{"cameraMode":{"drawMode":0,"name":"Shaded","section":"Shading Mode"},"sceneLighting":false,"audioPlay":false,"sceneViewState":{"showFog":true,"showMaterialUpdate":false,"showSkybox":true,"showFlares":true,"showImageEffects":true,"showParticleSystems":true},"in2DMode":false,"pivot":{"x":0.6313018798828125,"y":0.6069999933242798,"z":19.139999389648439},"rotation":{"x":-0.09595653414726258,"y":0.7734050750732422,"z":-0.12069697678089142,"w":-0.6148754358291626},"size":2.8578836917877199,"orthographic":false}